t_s,power.draw,power.limit,temperature.gpu,utilization.gpu,clocks.sm,clocks.mem,clocks_throttle_reasons.active,pcie.link.gen.current,memory.used
0.2,218.08,250.00,40,100,2880,13801,0x0000000000000000,5,1145
2.2,51.23,250.00,39,66,2917,13801,0x0000000000000000,5,1145
4.2,51.60,250.00,39,66,2917,13801,0x0000000000000000,5,1145
6.2,51.58,250.00,38,66,2917,13801,0x0000000000000000,5,1145
8.2,51.40,250.00,38,64,2917,13801,0x0000000000000000,5,1145
10.3,50.99,250.00,38,66,2917,13801,0x0000000000000000,5,1145
12.3,51.03,250.00,38,65,2917,13801,0x0000000000000000,5,1145
14.3,51.02,250.00,38,65,2917,13801,0x0000000000000000,5,1145
16.3,50.92,250.00,38,64,2917,13801,0x0000000000000000,5,1145
18.3,50.89,250.00,38,64,2917,13801,0x0000000000000000,5,1145
20.3,50.82,250.00,38,65,2917,13801,0x0000000000000000,5,1145
22.3,50.70,250.00,38,65,2917,13801,0x0000000000000000,5,1145
24.3,50.54,250.00,38,64,2917,13801,0x0000000000000000,5,1145
26.3,50.62,250.00,38,65,2917,13801,0x0000000000000000,5,1145
28.3,50.77,250.00,38,66,2917,13801,0x0000000000000000,5,1145
30.3,50.54,250.00,38,64,2917,13801,0x0000000000000000,5,1145
32.3,50.56,250.00,38,66,2917,13801,0x0000000000000000,5,1145
34.3,50.64,250.00,38,65,2917,13801,0x0000000000000000,5,1145
36.3,50.64,250.00,38,66,2917,13801,0x0000000000000000,5,1145
38.3,50.64,250.00,37,64,2917,13801,0x0000000000000000,5,1145
40.4,50.65,250.00,37,65,2917,13801,0x0000000000000000,5,1145
42.4,50.50,250.00,37,64,2917,13801,0x0000000000000000,5,1145
44.4,50.36,250.00,37,65,2917,13801,0x0000000000000000,5,1145
46.4,50.51,250.00,37,65,2917,13801,0x0000000000000000,5,1145
48.4,50.52,250.00,37,63,2917,13801,0x0000000000000000,5,1145
50.4,50.47,250.00,37,65,2917,13801,0x0000000000000000,5,1145
52.4,50.70,250.00,37,65,2917,13801,0x0000000000000000,5,1145
54.4,50.63,250.00,37,66,2917,13801,0x0000000000000000,5,1145
56.4,50.58,250.00,37,66,2917,13801,0x0000000000000000,5,1145
58.4,50.55,250.00,37,65,2917,13801,0x0000000000000000,5,1145
60.4,50.38,250.00,37,64,2917,13801,0x0000000000000000,5,1145
62.4,50.52,250.00,37,66,2917,13801,0x0000000000000000,5,1145
64.4,50.38,250.00,37,66,2917,13801,0x0000000000000000,5,1145
66.4,50.47,250.00,37,66,2917,13801,0x0000000000000000,5,1145
68.4,50.38,250.00,37,65,2917,13801,0x0000000000000000,5,1145
70.4,50.29,250.00,37,64,2917,13801,0x0000000000000000,5,1145
72.4,50.49,250.00,37,66,2917,13801,0x0000000000000000,5,1145
74.4,50.43,250.00,37,65,2917,13801,0x0000000000000000,5,1145
76.4,50.59,250.00,37,64,2917,13801,0x0000000000000000,5,1145
78.5,50.68,250.00,37,66,2917,13801,0x0000000000000000,5,1145
80.5,50.62,250.00,37,66,2917,13801,0x0000000000000000,5,1145
82.5,50.50,250.00,37,64,2917,13801,0x0000000000000000,5,1145
84.5,50.30,250.00,37,65,2917,13801,0x0000000000000000,5,1145
86.5,50.25,250.00,37,66,2917,13801,0x0000000000000000,5,1145
88.5,50.52,250.00,37,66,2917,13801,0x0000000000000000,5,1145
90.5,50.29,250.00,37,64,2917,13801,0x0000000000000000,5,1145
92.5,50.45,250.00,37,65,2917,13801,0x0000000000000000,5,1145
94.5,50.53,250.00,37,63,2917,13801,0x0000000000000000,5,1145
96.5,50.28,250.00,37,66,2917,13801,0x0000000000000000,5,1145
98.5,50.43,250.00,37,66,2917,13801,0x0000000000000000,5,1145
100.5,50.42,250.00,37,64,2917,13801,0x0000000000000000,5,1145
102.5,50.47,250.00,36,66,2917,13801,0x0000000000000000,5,1145
104.5,50.63,250.00,36,65,2917,13801,0x0000000000000000,5,1145
106.5,50.29,250.00,36,65,2917,13801,0x0000000000000000,5,1145
108.5,50.54,250.00,36,66,2917,13801,0x0000000000000000,5,1145
110.6,50.36,250.00,36,64,2917,13801,0x0000000000000000,5,1145
112.6,50.27,250.00,36,64,2917,13801,0x0000000000000000,5,1145
114.6,50.16,250.00,36,64,2917,13801,0x0000000000000000,5,1145
116.6,50.31,250.00,36,65,2917,13801,0x0000000000000000,5,1145
118.6,50.24,250.00,36,64,2917,13801,0x0000000000000000,5,1145
120.6,50.15,250.00,36,64,2917,13801,0x0000000000000000,5,1145
122.6,50.30,250.00,36,66,2917,13801,0x0000000000000000,5,1145
124.6,50.30,250.00,36,65,2917,13801,0x0000000000000000,5,1145
126.6,50.01,250.00,36,64,2917,13801,0x0000000000000000,5,1145
128.6,50.33,250.00,36,64,2917,13801,0x0000000000000000,5,1145
130.6,50.15,250.00,36,65,2917,13801,0x0000000000000000,5,1145
132.6,50.33,250.00,36,66,2917,13801,0x0000000000000000,5,1145
134.6,50.33,250.00,36,65,2917,13801,0x0000000000000000,5,1145
136.6,50.20,250.00,36,64,2917,13801,0x0000000000000000,5,1145
138.6,50.26,250.00,36,65,2917,13801,0x0000000000000000,5,1145
140.6,50.17,250.00,36,64,2917,13801,0x0000000000000000,5,1145
142.6,50.20,250.00,36,64,2917,13801,0x0000000000000000,5,1145
144.7,49.95,250.00,36,65,2917,13801,0x0000000000000000,5,1145
146.7,50.29,250.00,36,65,2917,13801,0x0000000000000000,5,1145
148.7,50.23,250.00,36,64,2917,13801,0x0000000000000000,5,1145
150.7,50.15,250.00,36,66,2917,13801,0x0000000000000000,5,1145
152.7,50.19,250.00,36,66,2917,13801,0x0000000000000000,5,1145
154.7,50.15,250.00,36,66,2917,13801,0x0000000000000000,5,1145
156.7,50.17,250.00,36,65,2917,13801,0x0000000000000000,5,1145
158.7,50.23,250.00,36,64,2917,13801,0x0000000000000000,5,1145
160.7,50.21,250.00,36,66,2917,13801,0x0000000000000000,5,1145
162.7,50.22,250.00,36,66,2917,13801,0x0000000000000000,5,1145
164.7,50.35,250.00,36,65,2917,13801,0x0000000000000000,5,1145
166.7,50.33,250.00,36,65,2917,13801,0x0000000000000000,5,1145
168.7,50.25,250.00,36,64,2917,13801,0x0000000000000000,5,1145
170.7,50.08,250.00,36,66,2917,13801,0x0000000000000000,5,1145
172.7,50.13,250.00,36,66,2917,13801,0x0000000000000000,5,1145
174.7,50.13,250.00,36,66,2917,13801,0x0000000000000000,5,1145
176.7,50.27,250.00,36,64,2917,13801,0x0000000000000000,5,1145
178.7,50.15,250.00,36,64,2917,13801,0x0000000000000000,5,1145
180.7,50.04,250.00,36,66,2917,13801,0x0000000000000000,5,1145
182.7,50.35,250.00,36,66,2917,13801,0x0000000000000000,5,1145
184.7,50.25,250.00,36,65,2917,13801,0x0000000000000000,5,1145
186.7,50.05,250.00,36,66,2917,13801,0x0000000000000000,5,1145
188.7,50.17,250.00,36,65,2917,13801,0x0000000000000000,5,1145
190.8,50.28,250.00,36,64,2917,13801,0x0000000000000000,5,1145
192.8,50.15,250.00,36,66,2917,13801,0x0000000000000000,5,1145
194.8,50.20,250.00,36,65,2917,13801,0x0000000000000000,5,1145
196.8,50.12,250.00,36,64,2917,13801,0x0000000000000000,5,1145
198.8,50.27,250.00,36,66,2917,13801,0x0000000000000000,5,1145
200.8,50.13,250.00,36,64,2917,13801,0x0000000000000000,5,1145
202.8,50.44,250.00,36,64,2917,13801,0x0000000000000000,5,1145
204.8,50.18,250.00,36,66,2917,13801,0x0000000000000000,5,1145
206.8,50.21,250.00,36,66,2917,13801,0x0000000000000000,5,1145
208.8,50.28,250.00,36,65,2917,13801,0x0000000000000000,5,1145
210.8,49.96,250.00,36,65,2917,13801,0x0000000000000000,5,1145
212.8,50.13,250.00,36,66,2917,13801,0x0000000000000000,5,1145
214.8,50.15,250.00,36,66,2917,13801,0x0000000000000000,5,1145
216.8,50.17,250.00,36,64,2917,13801,0x0000000000000000,5,1145
218.8,50.16,250.00,36,64,2917,13801,0x0000000000000000,5,1145
220.8,50.17,250.00,36,64,2917,13801,0x0000000000000000,5,1145
222.8,50.09,250.00,36,66,2917,13801,0x0000000000000000,5,1145
224.8,50.16,250.00,36,66,2917,13801,0x0000000000000000,5,1145
226.8,50.25,250.00,36,66,2917,13801,0x0000000000000000,5,1145
228.8,50.15,250.00,36,64,2917,13801,0x0000000000000000,5,1145
230.9,49.96,250.00,36,65,2917,13801,0x0000000000000000,5,1145
232.9,50.11,250.00,36,64,2917,13801,0x0000000000000000,5,1145
234.9,50.18,250.00,36,64,2917,13801,0x0000000000000000,5,1143
236.9,50.06,250.00,35,65,2917,13801,0x0000000000000000,5,1143
238.9,50.10,250.00,36,66,2917,13801,0x0000000000000000,5,1143
240.9,49.93,250.00,35,64,2917,13801,0x0000000000000000,5,1143
242.9,50.04,250.00,36,66,2917,13801,0x0000000000000000,5,1143
244.9,50.19,250.00,35,66,2917,13801,0x0000000000000000,5,1143
246.9,50.19,250.00,35,63,2917,13801,0x0000000000000000,5,1143
248.9,50.32,250.00,35,65,2917,13801,0x0000000000000000,5,1143
250.9,50.11,250.00,35,64,2917,13801,0x0000000000000000,5,1143
252.9,50.40,250.00,35,64,2917,13801,0x0000000000000000,5,1143
254.9,50.21,250.00,35,65,2917,13801,0x0000000000000000,5,1143
256.9,50.23,250.00,35,66,2917,13801,0x0000000000000000,5,1143
258.9,50.30,250.00,35,65,2917,13801,0x0000000000000000,5,1143
260.9,50.13,250.00,35,66,2917,13801,0x0000000000000000,5,1143
262.9,50.14,250.00,35,65,2917,13801,0x0000000000000000,5,1143
264.9,50.30,250.00,35,63,2917,13801,0x0000000000000000,5,1143
267.0,50.35,250.00,35,65,2917,13801,0x0000000000000000,5,1143
269.0,50.22,250.00,35,66,2917,13801,0x0000000000000000,5,1143
271.0,50.13,250.00,35,64,2917,13801,0x0000000000000000,5,1143
273.0,50.31,250.00,35,64,2917,13801,0x0000000000000000,5,1143
275.0,50.28,250.00,35,64,2917,13801,0x0000000000000000,5,1143
277.0,50.34,250.00,35,66,2917,13801,0x0000000000000000,5,1143
279.0,50.38,250.00,35,66,2917,13801,0x0000000000000000,5,1143
281.0,50.25,250.00,35,65,2917,13801,0x0000000000000000,5,1143
283.0,50.37,250.00,35,64,2917,13801,0x0000000000000000,5,1143
285.0,50.56,250.00,35,64,2917,13801,0x0000000000000000,5,1143
287.0,50.23,250.00,35,64,2917,13801,0x0000000000000000,5,1143
289.0,50.38,250.00,35,64,2917,13801,0x0000000000000000,5,1143
291.0,50.13,250.00,35,66,2917,13801,0x0000000000000000,5,1143
293.0,50.23,250.00,35,66,2917,13801,0x0000000000000000,5,1143
295.0,50.27,250.00,35,66,2917,13801,0x0000000000000000,5,1143
297.0,50.28,250.00,35,65,2917,13801,0x0000000000000000,5,1143
299.0,50.15,250.00,35,65,2917,13801,0x0000000000000000,5,1143
301.0,50.08,250.00,35,64,2917,13801,0x0000000000000000,5,1143
303.0,50.00,250.00,35,65,2917,13801,0x0000000000000000,5,1143
305.0,50.13,250.00,35,66,2917,13801,0x0000000000000000,5,1143
307.0,50.21,250.00,35,66,2917,13801,0x0000000000000000,5,1143
309.0,50.30,250.00,35,66,2917,13801,0x0000000000000000,5,1143
311.0,50.19,250.00,35,64,2917,13801,0x0000000000000000,5,1143
313.0,50.20,250.00,35,64,2917,13801,0x0000000000000000,5,1143
315.0,50.37,250.00,35,65,2917,13801,0x0000000000000000,5,1143
317.0,50.28,250.00,35,66,2917,13801,0x0000000000000000,5,1143
319.0,50.13,250.00,35,66,2917,13801,0x0000000000000000,5,1143
321.0,50.13,250.00,35,64,2917,13801,0x0000000000000000,5,1143
323.0,50.13,250.00,35,64,2917,13801,0x0000000000000000,5,1143
325.0,50.14,250.00,35,65,2917,13801,0x0000000000000000,5,1143
327.0,50.16,250.00,35,65,2917,13801,0x0000000000000000,5,1143
329.0,50.25,250.00,35,66,2917,13801,0x0000000000000000,5,1143
331.1,50.42,250.00,35,65,2917,13801,0x0000000000000000,5,1143
333.1,50.42,250.00,35,64,2917,13801,0x0000000000000000,5,1143
335.1,50.24,250.00,35,64,2917,13801,0x0000000000000000,5,1143
337.1,50.25,250.00,35,66,2917,13801,0x0000000000000000,5,1143
339.1,50.23,250.00,35,66,2917,13801,0x0000000000000000,5,1143
341.1,50.29,250.00,35,62,2917,13801,0x0000000000000000,5,1143
343.1,49.96,250.00,35,64,2917,13801,0x0000000000000000,5,1143
345.1,49.99,250.00,35,64,2917,13801,0x0000000000000000,5,1143
347.1,50.04,250.00,35,64,2917,13801,0x0000000000000000,5,1143
349.1,50.15,250.00,35,64,2917,13801,0x0000000000000000,5,1143
351.1,50.05,250.00,35,61,2917,13801,0x0000000000000000,5,1143
353.1,50.04,250.00,35,66,2917,13801,0x0000000000000000,5,1143
355.1,50.14,250.00,35,66,2917,13801,0x0000000000000000,5,1143
357.1,50.05,250.00,35,65,2917,13801,0x0000000000000000,5,1143
359.1,49.96,250.00,35,64,2917,13801,0x0000000000000000,5,1143
361.1,49.66,250.00,35,61,2917,13801,0x0000000000000000,5,1143
363.1,49.97,250.00,35,66,2917,13801,0x0000000000000000,5,1143
365.1,50.11,250.00,35,66,2917,13801,0x0000000000000000,5,1143
367.1,50.09,250.00,35,65,2917,13801,0x0000000000000000,5,1143
369.1,50.11,250.00,35,64,2917,13801,0x0000000000000000,5,1143
371.1,50.32,250.00,35,61,2917,13801,0x0000000000000000,5,1143
373.1,50.32,250.00,35,66,2917,13801,0x0000000000000000,5,1145
375.1,50.19,250.00,35,66,2917,13801,0x0000000000000000,5,1145
377.1,50.20,250.00,35,66,2917,13801,0x0000000000000000,5,1145
379.1,50.34,250.00,35,65,2917,13801,0x0000000000000000,5,1145
381.1,50.34,250.00,35,61,2917,13801,0x0000000000000000,5,1145
383.1,50.29,250.00,35,66,2917,13801,0x0000000000000000,5,1145
385.2,50.24,250.00,35,66,2917,13801,0x0000000000000000,5,1145
387.2,50.28,250.00,35,66,2917,13801,0x0000000000000000,5,1145
389.2,50.27,250.00,35,65,2917,13801,0x0000000000000000,5,1145
391.2,50.23,250.00,35,65,2917,13801,0x0000000000000000,5,1145
393.2,50.25,250.00,35,65,2917,13801,0x0000000000000000,5,1145
395.2,50.18,250.00,35,66,2917,13801,0x0000000000000000,5,1145
397.2,50.38,250.00,35,64,2917,13801,0x0000000000000000,5,1145
399.2,50.31,250.00,35,65,2917,13801,0x0000000000000000,5,1145
401.2,50.12,250.00,35,66,2917,13801,0x0000000000000000,5,1145
403.2,50.28,250.00,35,66,2917,13801,0x0000000000000000,5,1145
405.2,50.31,250.00,35,65,2917,13801,0x0000000000000000,5,1145
407.2,50.27,250.00,35,63,2917,13801,0x0000000000000000,5,1145
409.2,50.14,250.00,35,66,2917,13801,0x0000000000000000,5,1145
411.2,50.22,250.00,35,64,2917,13801,0x0000000000000000,5,1145
413.2,50.18,250.00,35,65,2917,13801,0x0000000000000000,5,1145
415.2,50.25,250.00,35,66,2917,13801,0x0000000000000000,5,1145
417.2,50.11,250.00,35,66,2917,13801,0x0000000000000000,5,1145
419.2,49.96,250.00,35,64,2917,13801,0x0000000000000000,5,1145
421.2,50.08,250.00,35,65,2917,13801,0x0000000000000000,5,1145
423.2,50.35,250.00,35,66,2917,13801,0x0000000000000000,5,1145
425.3,50.23,250.00,35,63,2917,13801,0x0000000000000000,5,1145
427.3,49.90,250.00,35,65,2917,13801,0x0000000000000000,5,1145
429.3,50.04,250.00,35,65,2917,13801,0x0000000000000000,5,1145
431.3,50.16,250.00,35,64,2917,13801,0x0000000000000000,5,1145
433.3,50.06,250.00,35,65,2917,13801,0x0000000000000000,5,1145
435.3,50.16,250.00,35,66,2917,13801,0x0000000000000000,5,1145
437.3,50.22,250.00,35,66,2917,13801,0x0000000000000000,5,1145
439.3,50.12,250.00,35,66,2917,13801,0x0000000000000000,5,1145
441.3,49.89,250.00,35,64,2917,13801,0x0000000000000000,5,1145
443.3,50.19,250.00,35,64,2917,13801,0x0000000000000000,5,1145
445.3,50.11,250.00,35,66,2917,13801,0x0000000000000000,5,1145
447.3,49.96,250.00,35,66,2917,13801,0x0000000000000000,5,1145
449.3,49.91,250.00,35,66,2917,13801,0x0000000000000000,5,1145
451.3,49.97,250.00,35,65,2917,13801,0x0000000000000000,5,1145
453.3,50.21,250.00,35,65,2917,13801,0x0000000000000000,5,1145
455.3,50.34,250.00,35,64,2917,13801,0x0000000000000000,5,1145
457.3,50.13,250.00,35,64,2917,13801,0x0000000000000000,5,1145
459.3,50.11,250.00,35,64,2917,13801,0x0000000000000000,5,1145
461.3,50.00,250.00,35,66,2917,13801,0x0000000000000000,5,1145
463.3,50.29,250.00,35,65,2917,13801,0x0000000000000000,5,1145
465.3,50.12,250.00,35,64,2917,13801,0x0000000000000000,5,1145
467.3,50.06,250.00,35,65,2917,13801,0x0000000000000000,5,1145
469.3,50.06,250.00,35,66,2917,13801,0x0000000000000000,5,1145
471.4,50.11,250.00,35,63,2917,13801,0x0000000000000000,5,1145
473.4,49.96,250.00,35,65,2917,13801,0x0000000000000000,5,1145
475.4,50.08,250.00,35,66,2917,13801,0x0000000000000000,5,1145
477.4,50.07,250.00,35,64,2917,13801,0x0000000000000000,5,1145
479.4,49.82,250.00,35,65,2917,13801,0x0000000000000000,5,1145
481.4,49.81,250.00,35,64,2917,13801,0x0000000000000000,5,1145
483.4,49.75,250.00,35,64,2917,13801,0x0000000000000000,5,1145
485.4,50.02,250.00,35,65,2917,13801,0x0000000000000000,5,1145
487.4,50.02,250.00,35,65,2917,13801,0x0000000000000000,5,1145
489.4,49.80,250.00,35,63,2917,13801,0x0000000000000000,5,1145
491.4,49.83,250.00,35,66,2917,13801,0x0000000000000000,5,1145
493.4,50.01,250.00,35,64,2917,13801,0x0000000000000000,5,1145
495.4,50.05,250.00,35,64,2917,13801,0x0000000000000000,5,1145
497.4,49.91,250.00,35,66,2917,13801,0x0000000000000000,5,1145
499.4,50.01,250.00,35,65,2917,13801,0x0000000000000000,5,1145
501.5,49.94,250.00,35,66,2917,13801,0x0000000000000000,5,1145
503.5,50.12,250.00,35,66,2917,13801,0x0000000000000000,5,1145
505.5,50.15,250.00,35,65,2917,13801,0x0000000000000000,5,1145
507.5,50.06,250.00,35,64,2917,13801,0x0000000000000000,5,1145
509.5,49.91,250.00,35,64,2917,13801,0x0000000000000000,5,1145
511.5,49.83,250.00,35,66,2917,13801,0x0000000000000000,5,1145
513.5,49.92,250.00,35,66,2917,13801,0x0000000000000000,5,1144
515.5,49.92,250.00,35,66,2917,13801,0x0000000000000000,5,1144
517.5,49.91,250.00,35,64,2917,13801,0x0000000000000000,5,1144
519.5,50.09,250.00,35,64,2917,13801,0x0000000000000000,5,1144
521.5,49.69,250.00,35,66,2917,13801,0x0000000000000000,5,1144
523.5,49.98,250.00,35,66,2917,13801,0x0000000000000000,5,1144
525.5,50.23,250.00,35,65,2917,13801,0x0000000000000000,5,1144
527.5,50.42,250.00,35,65,2917,13801,0x0000000000000000,5,1144
529.5,50.70,250.00,35,66,2917,13801,0x0000000000000000,5,1144
531.6,50.58,250.00,35,67,2917,13801,0x0000000000000000,5,1144
533.6,50.42,250.00,35,65,2917,13801,0x0000000000000000,5,1144
535.6,50.45,250.00,35,67,2917,13801,0x0000000000000000,5,1144
537.6,50.08,250.00,35,64,2917,13801,0x0000000000000000,5,1144
539.6,50.02,250.00,35,65,2917,13801,0x0000000000000000,5,1144
541.6,50.21,250.00,35,65,2917,13801,0x0000000000000000,5,1144
543.6,50.10,250.00,35,64,2917,13801,0x0000000000000000,5,1144
545.6,50.23,250.00,35,64,2917,13801,0x0000000000000000,5,1144
547.6,50.22,250.00,35,65,2917,13801,0x0000000000000000,5,1144
549.6,50.40,250.00,35,66,2917,13801,0x0000000000000000,5,1144
551.6,49.90,250.00,35,64,2917,13801,0x0000000000000000,5,1144
553.6,49.96,250.00,35,65,2917,13801,0x0000000000000000,5,1144
555.6,50.27,250.00,35,65,2917,13801,0x0000000000000000,5,1144
557.6,50.07,250.00,35,66,2917,13801,0x0000000000000000,5,1144
559.6,49.99,250.00,35,64,2917,13801,0x0000000000000000,5,1144
561.6,49.75,250.00,35,66,2917,13801,0x0000000000000000,5,1144
563.6,49.75,250.00,35,66,2917,13801,0x0000000000000000,5,1144
565.7,49.81,250.00,35,66,2917,13801,0x0000000000000000,5,1144
567.7,49.80,250.00,35,66,2917,13801,0x0000000000000000,5,1144
569.7,49.82,250.00,35,66,2917,13801,0x0000000000000000,5,1144
571.7,49.78,250.00,35,64,2917,13801,0x0000000000000000,5,1144
573.7,49.89,250.00,35,64,2917,13801,0x0000000000000000,5,1144
575.7,49.77,250.00,35,65,2917,13801,0x0000000000000000,5,1144
577.7,49.82,250.00,35,65,2917,13801,0x0000000000000000,5,1144
579.7,50.04,250.00,35,64,2917,13801,0x0000000000000000,5,1144
581.7,50.19,250.00,35,65,2917,13801,0x0000000000000000,5,1144
583.7,50.01,250.00,35,65,2917,13801,0x0000000000000000,5,1144
585.7,50.05,250.00,35,63,2917,13801,0x0000000000000000,5,1144
587.7,49.94,250.00,35,66,2917,13801,0x0000000000000000,5,1144
589.7,50.26,250.00,35,64,2917,13801,0x0000000000000000,5,1144
591.7,50.20,250.00,35,66,2917,13801,0x0000000000000000,5,1144
593.7,50.26,250.00,35,66,2917,13801,0x0000000000000000,5,1144
595.7,50.21,250.00,35,65,2917,13801,0x0000000000000000,5,1144
597.7,50.20,250.00,35,65,2917,13801,0x0000000000000000,5,1144
599.7,50.23,250.00,35,66,2917,13801,0x0000000000000000,5,1144
601.8,49.99,250.00,35,66,2917,13801,0x0000000000000000,5,1144
603.8,50.12,250.00,35,66,2917,13801,0x0000000000000000,5,1144
605.8,50.02,250.00,35,64,2917,13801,0x0000000000000000,5,1144
607.8,50.19,250.00,35,65,2917,13801,0x0000000000000000,5,1144
609.8,50.08,250.00,35,66,2917,13801,0x0000000000000000,5,1144
611.8,50.06,250.00,35,65,2917,13801,0x0000000000000000,5,1144
613.8,50.02,250.00,35,65,2917,13801,0x0000000000000000,5,1144
615.8,50.08,250.00,35,65,2917,13801,0x0000000000000000,5,1144
617.8,50.25,250.00,35,64,2917,13801,0x0000000000000000,5,1144
619.8,50.05,250.00,35,64,2917,13801,0x0000000000000000,5,1144
621.8,49.99,250.00,35,66,2917,13801,0x0000000000000000,5,1144
623.8,49.80,250.00,35,65,2917,13801,0x0000000000000000,5,1144
625.8,49.88,250.00,35,65,2917,13801,0x0000000000000000,5,1144
627.8,50.00,250.00,35,64,2917,13801,0x0000000000000000,5,1144
629.8,49.93,250.00,35,64,2917,13801,0x0000000000000000,5,1144
631.8,49.92,250.00,35,66,2917,13801,0x0000000000000000,5,1144
633.8,49.91,250.00,35,65,2917,13801,0x0000000000000000,5,1144
635.8,49.92,250.00,35,65,2917,13801,0x0000000000000000,5,1144
637.8,49.89,250.00,35,64,2917,13801,0x0000000000000000,5,1144
639.8,50.09,250.00,35,64,2917,13801,0x0000000000000000,5,1144
641.8,50.00,250.00,35,66,2917,13801,0x0000000000000000,5,1144
643.8,49.98,250.00,35,66,2917,13801,0x0000000000000000,5,1144
645.9,50.09,250.00,35,66,2917,13801,0x0000000000000000,5,1144
647.9,49.84,250.00,35,65,2917,13801,0x0000000000000000,5,1144
649.9,49.70,250.00,35,64,2917,13801,0x0000000000000000,5,1144
651.9,49.93,250.00,35,65,2917,13801,0x0000000000000000,5,1144
653.9,49.83,250.00,35,66,2917,13801,0x0000000000000000,5,1144
655.9,50.05,250.00,35,66,2917,13801,0x0000000000000000,5,1144
657.9,49.88,250.00,34,64,2917,13801,0x0000000000000000,5,1144
659.9,49.95,250.00,34,64,2917,13801,0x0000000000000000,5,1144
661.9,50.13,250.00,35,66,2917,13801,0x0000000000000000,5,1144
663.9,49.95,250.00,35,66,2917,13801,0x0000000000000000,5,1144
665.9,49.99,250.00,35,66,2917,13801,0x0000000000000000,5,1144
667.9,49.98,250.00,35,64,2917,13801,0x0000000000000000,5,1144
669.9,49.90,250.00,35,64,2917,13801,0x0000000000000000,5,1144
671.9,50.01,250.00,35,66,2917,13801,0x0000000000000000,5,1144
673.9,50.06,250.00,35,65,2917,13801,0x0000000000000000,5,1144
675.9,49.96,250.00,35,64,2917,13801,0x0000000000000000,5,1144
677.9,49.85,250.00,35,66,2917,13801,0x0000000000000000,5,1144
679.9,49.82,250.00,35,66,2917,13801,0x0000000000000000,5,1144
681.9,49.94,250.00,34,65,2917,13801,0x0000000000000000,5,1144
683.9,50.06,250.00,35,64,2917,13801,0x0000000000000000,5,1144
685.9,50.09,250.00,35,64,2917,13801,0x0000000000000000,5,1144
688.0,50.03,250.00,35,65,2917,13801,0x0000000000000000,5,1144
690.0,49.88,250.00,35,66,2917,13801,0x0000000000000000,5,1144
692.0,49.87,250.00,35,65,2917,13801,0x0000000000000000,5,1144
694.0,49.95,250.00,35,64,2917,13801,0x0000000000000000,5,1144
696.0,50.03,250.00,35,64,2917,13801,0x0000000000000000,5,1144
698.0,50.01,250.00,35,65,2917,13801,0x0000000000000000,5,1144
700.0,50.01,250.00,34,66,2917,13801,0x0000000000000000,5,1144
702.0,49.90,250.00,35,64,2917,13801,0x0000000000000000,5,1144
704.0,49.89,250.00,34,64,2917,13801,0x0000000000000000,5,1144
706.0,50.05,250.00,34,66,2917,13801,0x0000000000000000,5,1144
708.0,49.88,250.00,34,66,2917,13801,0x0000000000000000,5,1144
710.0,50.14,250.00,34,63,2917,13801,0x0000000000000000,5,1144
712.0,49.96,250.00,35,65,2917,13801,0x0000000000000000,5,1144
714.0,50.10,250.00,34,63,2917,13801,0x0000000000000000,5,1144
716.0,50.12,250.00,34,65,2917,13801,0x0000000000000000,5,1144
718.0,50.03,250.00,34,66,2917,13801,0x0000000000000000,5,1144
720.0,50.13,250.00,34,65,2917,13801,0x0000000000000000,5,1144
722.0,50.22,250.00,34,66,2917,13801,0x0000000000000000,5,1144
724.0,50.06,250.00,34,66,2917,13801,0x0000000000000000,5,1144
726.0,50.18,250.00,34,66,2917,13801,0x0000000000000000,5,1144
728.0,50.07,250.00,34,65,2917,13801,0x0000000000000000,5,1144
730.1,50.08,250.00,34,64,2917,13801,0x0000000000000000,5,1144
732.1,50.08,250.00,34,65,2917,13801,0x0000000000000000,5,1144
734.1,50.07,250.00,34,66,2917,13801,0x0000000000000000,5,1144
736.1,49.86,250.00,34,65,2917,13801,0x0000000000000000,5,1144
738.1,50.13,250.00,34,64,2917,13801,0x0000000000000000,5,1144
740.1,50.17,250.00,34,64,2917,13801,0x0000000000000000,5,1144
742.1,50.22,250.00,34,66,2917,13801,0x0000000000000000,5,1144
744.1,50.16,250.00,34,65,2917,13801,0x0000000000000000,5,1144
746.1,50.05,250.00,34,64,2917,13801,0x0000000000000000,5,1144
748.1,50.03,250.00,34,65,2917,13801,0x0000000000000000,5,1144
750.1,49.96,250.00,34,66,2917,13801,0x0000000000000000,5,1144
752.1,49.81,250.00,34,65,2917,13801,0x0000000000000000,5,1144
754.1,50.09,250.00,34,64,2917,13801,0x0000000000000000,5,1144
756.1,50.34,250.00,34,66,2917,13801,0x0000000000000000,5,1144
758.1,50.35,250.00,34,66,2917,13801,0x0000000000000000,5,1144
760.1,50.29,250.00,34,66,2917,13801,0x0000000000000000,5,1144
762.1,50.21,250.00,34,64,2917,13801,0x0000000000000000,5,1144
764.1,50.15,250.00,34,66,2917,13801,0x0000000000000000,5,1144
766.1,50.24,250.00,34,65,2917,13801,0x0000000000000000,5,1144
768.1,50.17,250.00,34,64,2917,13801,0x0000000000000000,5,1144
770.1,50.28,250.00,34,64,2917,13801,0x0000000000000000,5,1144
772.2,50.12,250.00,34,66,2917,13801,0x0000000000000000,5,1144
774.2,50.13,250.00,34,64,2917,13801,0x0000000000000000,5,1144
776.2,50.17,250.00,34,64,2917,13801,0x0000000000000000,5,1144
778.2,50.21,250.00,34,66,2917,13801,0x0000000000000000,5,1144
780.2,50.15,250.00,34,65,2917,13801,0x0000000000000000,5,1144
782.2,50.02,250.00,34,65,2917,13801,0x0000000000000000,5,1144
784.2,50.13,250.00,34,66,2917,13801,0x0000000000000000,5,1144
786.2,50.18,250.00,34,65,2917,13801,0x0000000000000000,5,1144
788.2,50.20,250.00,34,64,2917,13801,0x0000000000000000,5,1144
790.2,50.04,250.00,34,64,2917,13801,0x0000000000000000,5,1144
792.2,49.89,250.00,34,64,2917,13801,0x0000000000000000,5,1144
794.2,49.86,250.00,34,64,2917,13801,0x0000000000000000,5,1144
796.2,49.96,250.00,34,65,2917,13801,0x0000000000000000,5,1144
798.2,50.01,250.00,34,65,2917,13801,0x0000000000000000,5,1144
800.2,50.17,250.00,34,66,2917,13801,0x0000000000000000,5,1144
802.2,49.79,250.00,34,64,2917,13801,0x0000000000000000,5,1144
804.2,50.09,250.00,34,65,2917,13801,0x0000000000000000,5,1144
806.3,50.01,250.00,34,64,2917,13801,0x0000000000000000,5,1144
808.3,50.00,250.00,34,66,2917,13801,0x0000000000000000,5,1144
810.3,49.77,250.00,34,65,2917,13801,0x0000000000000000,5,1144
812.3,50.08,250.00,34,65,2917,13801,0x0000000000000000,5,1144
814.3,49.94,250.00,34,66,2917,13801,0x0000000000000000,5,1144
816.3,50.02,250.00,34,65,2917,13801,0x0000000000000000,5,1144
818.3,49.93,250.00,34,65,2917,13801,0x0000000000000000,5,1144
820.3,49.81,250.00,34,66,2917,13801,0x0000000000000000,5,1144
822.3,49.96,250.00,34,63,2917,13801,0x0000000000000000,5,1144
824.3,49.90,250.00,34,66,2917,13801,0x0000000000000000,5,1144
826.3,50.03,250.00,34,66,2917,13801,0x0000000000000000,5,1144
828.3,50.10,250.00,34,64,2917,13801,0x0000000000000000,5,1144
830.3,49.92,250.00,34,64,2917,13801,0x0000000000000000,5,1144
832.3,50.17,250.00,34,66,2917,13801,0x0000000000000000,5,1144
834.3,50.18,250.00,34,66,2917,13801,0x0000000000000000,5,1144
836.3,49.96,250.00,34,64,2917,13801,0x0000000000000000,5,1144
838.3,49.94,250.00,34,65,2917,13801,0x0000000000000000,5,1144
840.3,50.03,250.00,34,66,2917,13801,0x0000000000000000,5,1144
842.4,50.10,250.00,34,64,2917,13801,0x0000000000000000,5,1144
844.4,50.11,250.00,34,66,2917,13801,0x0000000000000000,5,1144
846.4,50.19,250.00,34,66,2917,13801,0x0000000000000000,5,1144
848.4,50.13,250.00,34,66,2917,13801,0x0000000000000000,5,1144
850.4,50.10,250.00,34,64,2917,13801,0x0000000000000000,5,1144
852.4,50.08,250.00,34,66,2917,13801,0x0000000000000000,5,1144
854.4,49.86,250.00,34,66,2917,13801,0x0000000000000000,5,1144
856.4,49.80,250.00,34,65,2917,13801,0x0000000000000000,5,1144
858.4,49.67,250.00,34,66,2917,13801,0x0000000000000000,5,1144
860.4,49.91,250.00,34,66,2917,13801,0x0000000000000000,5,1144
862.4,49.84,250.00,34,65,2917,13801,0x0000000000000000,5,1144
864.4,49.75,250.00,34,66,2917,13801,0x0000000000000000,5,1144
866.4,50.10,250.00,34,64,2917,13801,0x0000000000000000,5,1144
868.4,49.95,250.00,34,64,2917,13801,0x0000000000000000,5,1144
870.4,49.99,250.00,34,64,2917,13801,0x0000000000000000,5,1144
872.5,50.14,250.00,34,66,2917,13801,0x0000000000000000,5,1144
874.5,50.03,250.00,34,65,2917,13801,0x0000000000000000,5,1144
876.5,50.13,250.00,34,64,2917,13801,0x0000000000000000,5,1144
878.5,50.22,250.00,34,66,2917,13801,0x0000000000000000,5,1144
880.5,50.22,250.00,34,64,2917,13801,0x0000000000000000,5,1144
882.5,50.12,250.00,34,66,2917,13801,0x0000000000000000,5,1144
884.5,50.06,250.00,34,65,2917,13801,0x0000000000000000,5,1144
886.5,50.10,250.00,34,64,2917,13801,0x0000000000000000,5,1144
888.5,50.11,250.00,34,66,2917,13801,0x0000000000000000,5,1144
890.5,49.92,250.00,34,66,2917,13801,0x0000000000000000,5,1144
892.5,50.08,250.00,34,64,2917,13801,0x0000000000000000,5,1144
894.5,50.02,250.00,34,65,2917,13801,0x0000000000000000,5,1144
896.5,50.19,250.00,34,66,2917,13801,0x0000000000000000,5,1144
898.5,50.26,250.00,34,66,2917,13801,0x0000000000000000,5,1144
